--***********************************************************
-- SEC. 1 region
CREATE SEQUENCE SQ_ID_REGION 
INCREMENT BY 1 
START WITH 1 
MAXVALUE 99999999
MINVALUE 1;

-- SEC. 2 cargas familiares
CREATE SEQUENCE SQ_ID_CARGAS_FAM
INCREMENT BY 10
START WITH 10
MAXVALUE 9999999999999
MINVALUE 10;

-- SEC. 3 num folio postulacion
CREATE SEQUENCE SQ_NRO_FOLIO_POST
INCREMENT BY 1
START WITH 1001
MAXVALUE 9999999999999
MINVALUE 1001;

-- SEC. 4 num  folio informacion
CREATE SEQUENCE SQ_NRO_FOLIO_INF
INCREMENT BY 100
START WITH 100
MAXVALUE 9999999999999
MINVALUE 100;

-- SEC. 5 id conservacion
CREATE SEQUENCE SQ_ID_CONSERVACION
INCREMENT BY 10
START WITH 10
MAXVALUE 9999999999999
MINVALUE 10;


--***********************************************************


-- POBLADO DE TABLAS
------------------------ REGION
INSERT INTO REGION VALUES (SQ_ID_REGION.NEXTVAL,'ARICA',1000000);
INSERT INTO REGION VALUES (SQ_ID_REGION.NEXTVAL,'ANTOFAGASTA',1200000);
INSERT INTO REGION VALUES (SQ_ID_REGION.NEXTVAL,'ATACAMA',1300000);
INSERT INTO REGION VALUES (SQ_ID_REGION.NEXTVAL,'COQUIMBO',1400000);
INSERT INTO REGION VALUES (SQ_ID_REGION.NEXTVAL,'VALPARAISO',1500000);
INSERT INTO REGION VALUES (SQ_ID_REGION.NEXTVAL,'SANTIAGO',1600000);
INSERT INTO REGION VALUES (SQ_ID_REGION.NEXTVAL,'O´HIGGINS',1700000);
INSERT INTO REGION VALUES (SQ_ID_REGION.NEXTVAL,'MAULE',1800000);
INSERT INTO REGION VALUES (SQ_ID_REGION.NEXTVAL,'ÑUBLE',1900000);
INSERT INTO REGION VALUES (SQ_ID_REGION.NEXTVAL,'BIOBIO',1110000);
INSERT INTO REGION VALUES (SQ_ID_REGION.NEXTVAL,'LA ARAUCANIA',1120000);
INSERT INTO REGION VALUES (SQ_ID_REGION.NEXTVAL,'LOS RIOS',1130000);
INSERT INTO REGION VALUES (SQ_ID_REGION.NEXTVAL,'LOS LAGOS',1140000);
INSERT INTO REGION VALUES (SQ_ID_REGION.NEXTVAL,'AYSEN',1150000);
INSERT INTO REGION VALUES (SQ_ID_REGION.NEXTVAL,'MAGALLANES',1160000);


------------------------ COMUNA
INSERT INTO COMUNA VALUES (100,'LA SERENA',4);
INSERT INTO COMUNA VALUES (200,'SANTIAGO',6);
INSERT INTO COMUNA VALUES (300,'VIÑA DEL MAR',5);
INSERT INTO COMUNA VALUES (400,'TALCAHUANO',10);
INSERT INTO COMUNA VALUES (500,'CHILLAN',9);
INSERT INTO COMUNA VALUES (600,'AYSEN',14);
INSERT INTO COMUNA VALUES (700,'AYSEN',14);


------------------------ TITULO TRAMO
INSERT INTO TITULO_TRAMO VALUES(111,'TITULO II',100);
INSERT INTO TITULO_TRAMO VALUES(222,'TITULO I TRAMO 1',300);
INSERT INTO TITULO_TRAMO VALUES(333,'TITULO II',400);
INSERT INTO TITULO_TRAMO VALUES(444,'TITULO I TRAMO 1',200);
INSERT INTO TITULO_TRAMO VALUES(555,'TITULO I TRAMO 2',500);

------------------------ NACIONALIDAD
INSERT INTO NACIONALIDAD VALUES (1,'CHILENA',NULL,NULL);
INSERT INTO NACIONALIDAD VALUES (2,'EXTRANGERA',NULL,NULL);

------------------------ PUEBLO ORIGINARIO
INSERT INTO PUEBLO_ORIGINARIO VALUES (15,'RAPA NUI','S','17/03/2010');
INSERT INTO PUEBLO_ORIGINARIO VALUES (0,'NO','S','17/02/2000');

------------------------ TITULO
INSERT INTO TITULO VALUES (1000,'Ingeniero en Informática','DUOC UC','PROFESIONAL');
INSERT INTO TITULO VALUES (2000,'Técnico en Prevención de Riesgos','DUOC UC','TECNICO');
INSERT INTO TITULO VALUES (3000,'Ingeniero Civil Industrial','DUOC UC','PROFESIONAL');
INSERT INTO TITULO VALUES (4000,'Odontólogo','DUOC UC','PROFESIONAL');
INSERT INTO TITULO VALUES (5000,'Ingeniero Industrial','DUOC UC','PROFESIONAL');

------------------------ POSTULNTE
INSERT INTO IDEN_POSTULANTE VALUES(15980765,2,'02/03/1976','MARÍA','CRISTINA','LÓPEZ','PÉREZ','El Raulí 312 Miraflores Alto','CASADO',300,NULL,NULL,98758775,0,1,NULL,1000,1250000);
INSERT INTO IDEN_POSTULANTE VALUES(17465390,1,'08/06/1982','JUAN','JOSÉ','REYES','NAVARRO','Los Carrera 987','DIVORCIADO',100,NULL,NULL,96548775,NULL,1,15,2000,1500000);
INSERT INTO IDEN_POSTULANTE VALUES(18709562,5,'17/03/1992','MAXIMILIANO',NULL,'TORRES','SALINAS','Juan Francisco Iturra 2345','CASADO',400,NULL,NULL,98787255,0,1,NULL,3000,1850000);
INSERT INTO IDEN_POSTULANTE VALUES(13876234,'K','02/10/1972','FELIPE','ANDRÉS','OSORIO','HODAR','Avda. Vicuña Mackenna 234','SOLTERO',200,NULL,NULL,48128775,0,1,NULL,4000,1900000);
INSERT INTO IDEN_POSTULANTE VALUES(21723900,7,'02/10/1976','JORGE',NULL,'PONCE','ORTEGA','Libertad 234 Depto 23','CASADO',500,NULL,NULL,98895465,0,1,NULL,5000,1495000);

------------------------ CONYUGUE
INSERT INTO CONYUGUE VALUES (159,15980788,5,'05/10/1975','MARIO','LOPEZ','OSORIO',15980765);
INSERT INTO CONYUGUE VALUES (169,17990328,5,'20/05/1990','FRANCISCA','ARANEDA','CAÑETE',18709562);
INSERT INTO CONYUGUE VALUES (179,15980788,5,'05/10/1975','SARAY ELIZABETH','BUGATE','PETTERMAN',21723900);

------------------------ CARGAS FAMILIARES
INSERT INTO CARGAS_FAMILIARES VALUES (SQ_ID_CARGAS_FAM.NEXTVAL,'LOPEZ','LÓPEZ','JUAN','20.450.885-K','HIJO',15980765);
INSERT INTO CARGAS_FAMILIARES VALUES (SQ_ID_CARGAS_FAM.NEXTVAL,'LOPEZ','LÓPEZ','MARIA','21.870.122-0','HIJA',15980765);
INSERT INTO CARGAS_FAMILIARES VALUES (SQ_ID_CARGAS_FAM.NEXTVAL,'REYES','BLUR','DANIEL','22.480.632-5','HIJO',17465390);
INSERT INTO CARGAS_FAMILIARES VALUES (SQ_ID_CARGAS_FAM.NEXTVAL,'REYES','BLUR','CAMILO','21.500.854-1','HIJO',17465390);
INSERT INTO CARGAS_FAMILIARES VALUES (SQ_ID_CARGAS_FAM.NEXTVAL,'REYES','RODRIGUEZ','RAFAEL','21.122.801-K','HIJO',17465390);
INSERT INTO CARGAS_FAMILIARES VALUES (SQ_ID_CARGAS_FAM.NEXTVAL,'OSORIO','VALDEZ','KATHERINE','17.999.574-5','HIJA',13876234);
INSERT INTO CARGAS_FAMILIARES VALUES (SQ_ID_CARGAS_FAM.NEXTVAL,'PONCE','BUGATE','EMILIO','12.450.776-4','HIJO',21723900);
INSERT INTO CARGAS_FAMILIARES VALUES (SQ_ID_CARGAS_FAM.NEXTVAL,'PONCE','BUGATE','CAMILA','17.804.116-0','HIJA',21723900);
INSERT INTO CARGAS_FAMILIARES VALUES (SQ_ID_CARGAS_FAM.NEXTVAL,'PONCE','BUGATE','SEBASTIAN','17.606.118-8','HIJO',21723900);
INSERT INTO CARGAS_FAMILIARES VALUES (SQ_ID_CARGAS_FAM.NEXTVAL,'PONCE','BUGATE','NICOLAS','21.586.159-9','HIJO',21723900);

------------------------ CUENTA DE AHORRO
INSERT INTO CTA_DE_AHORRO VALUES(8764509987,'02/08/2010',9500000,'AHORRO','BANCO ESTADO',15980765);
INSERT INTO CTA_DE_AHORRO VALUES(9765475864,'22/11/2009',8000000,'AHORRO','Cooperativa de Ahorro Coopeuch',17465390);
INSERT INTO CTA_DE_AHORRO VALUES(98656871,'22/11/2009',12000000,'AHORRO VIVIENDA','BANCO ESTADO',18709562);
INSERT INTO CTA_DE_AHORRO VALUES(98657871,'22/11/2009',12200000,'AHORRO VIVIENDA','BANCO FALABELLA',13876234);
INSERT INTO CTA_DE_AHORRO VALUES(12456908650,'22/11/2009',12800000,'AHORRO VIVIENDA','BANCO BCI',21723900);


------------------------ POSTULACION SUB
INSERT INTO POSTULACION_SUBSIDIO VALUES(SQ_NRO_FOLIO_POST.NEXTVAL,'04/12/2020',30000000,111,15980765);
INSERT INTO POSTULACION_SUBSIDIO VALUES(SQ_NRO_FOLIO_POST.NEXTVAL,'25/06/2019',24000000,333,17465390);
INSERT INTO POSTULACION_SUBSIDIO VALUES(SQ_NRO_FOLIO_POST.NEXTVAL,'12/02/2020',60000000,333,18709562);
INSERT INTO POSTULACION_SUBSIDIO VALUES(SQ_NRO_FOLIO_POST.NEXTVAL,'01/05/2020',55000000,222,13876234);
INSERT INTO POSTULACION_SUBSIDIO VALUES(SQ_NRO_FOLIO_POST.NEXTVAL,'10/10/2020',28000000,222,21723900);

-----------TABLA ANT_ADMIN_VIVIENDA

INSERT INTO ANT_ADMIN_VIVIENDA VALUES (7,308,'25/10/2015',2016,'30/03/2016',35);
INSERT INTO ANT_ADMIN_VIVIENDA VALUES (5,108,'30/03/2014',2014,'24/09/2014',45);
INSERT INTO ANT_ADMIN_VIVIENDA VALUES (2,97,'05/10/2009',2009,'27/12/2009',70);
INSERT INTO ANT_ADMIN_VIVIENDA VALUES (9,402,'25/11/2016',2017,'09/08/2017',50);
INSERT INTO ANT_ADMIN_VIVIENDA VALUES (1,24,'07/01/2005',2005,'15/10/2005',65);

-----------TABLA ANT_CONSTRUCTIVOS_VIVIENDA
INSERT INTO ANT_CONSTRUCTIVOS_VIVIENDA VALUES (2,'DEPARTAMENTO',1,'EDIFICACION EN ALTURA',35,35,'SOLIDO CEMENTO','LADRILLO','BALDOSA',7);
INSERT INTO ANT_CONSTRUCTIVOS_VIVIENDA VALUES (10,'CASA',2,'AISLADA',70,90,'TEJAS','CARTON YESO','MADERA',2);
INSERT INTO ANT_CONSTRUCTIVOS_VIVIENDA VALUES (3,'CASA',1,'PAREADA',45,60,'ZINC','LADRILLO','PISO FLOTANTE',5);
INSERT INTO ANT_CONSTRUCTIVOS_VIVIENDA VALUES (7,'DEPARTAMENTO',1,'EDIFICACION EN ALTURA',50,50,'SOLIDO CEMENTO','LADRILLO','PORCELANATO',9);
INSERT INTO ANT_CONSTRUCTIVOS_VIVIENDA VALUES (5,'CASA',2,'AISLADA',65,80,'ZINC','CARTON YESO','BALDOSA',1);


-----------TABLA PROGRAMA_ARQUITECTONICO
INSERT INTO PROGRAMA_ARQUITECTONICO VALUES (1,'1B 2D',2,7);
INSERT INTO PROGRAMA_ARQUITECTONICO VALUES (2,'2B 3D',10,2);
INSERT INTO PROGRAMA_ARQUITECTONICO VALUES (3,'1B 2D',3,5);
INSERT INTO PROGRAMA_ARQUITECTONICO VALUES (4,'1B 3D',7,9);
INSERT INTO PROGRAMA_ARQUITECTONICO VALUES (5,'2B 3D',5,1);


---------- TABLA PROPIETARIO_VIVIENDA
INSERT INTO PROPIETARIO_VIVIENDA VALUES (18547001,0,'CONSTANZA MORALES AGUILERA',998760021,'CONSTANZA.MORALES@PROYECTOFINAL.COM');
INSERT INTO PROPIETARIO_VIVIENDA VALUES (13966470,'K','MARCO SANDOVAL MUÑOZ',960119350,NULL);
INSERT INTO PROPIETARIO_VIVIENDA VALUES (14473560,0,'MARIA BUSTAMANTE QUIROZ',940980915,'MC_BUSTAMANTE1975@PROYECTOFINAL.COM');
INSERT INTO PROPIETARIO_VIVIENDA VALUES (8560980,6,'PATRICIO CASTRO SILVA',989700459,NULL);
INSERT INTO PROPIETARIO_VIVIENDA VALUES (16762403,9,'BARBARA CASTILLO DIAZ',977029044,'BARB_CASTILLO25@PROYECTOFINAL.COM');


---------- TABLA CARACT_VIVIENDA
INSERT INTO CARACT_VIVIENDA VALUES (1,'AV BELLAVISTA 1319','23A',2,57324,NULL,300);
INSERT INTO CARACT_VIVIENDA VALUES (2,'CALLE VISTA HERMOSA 1024',NULL,NULL,60350,'VILLA LOS CIPRESES',200);
INSERT INTO CARACT_VIVIENDA VALUES (3,'PASAJE 1 CASA 10',NULL,NULL,24210,'POBLACION PUYARAL',600);
INSERT INTO CARACT_VIVIENDA VALUES (4,'CALLE EMPRESA 291','51 A',5,65490,'LA PUNTILLA',700);
INSERT INTO CARACT_VIVIENDA VALUES (5,'CALLE LIMACHE 1530',NULL,NULL,57490,NULL,500);

---------- TABLA CONSERVACION
INSERT INTO CONSERVACION VALUES (1,'BUENO');
INSERT INTO CONSERVACION VALUES (2,'REGULAR');
INSERT INTO CONSERVACION VALUES (3,'MALO');

---------- TABLA ANOMALIAS_IRREPARABLES
INSERT INTO ANOMALIAS_IRREPARABLES VALUES (1,NULL,1);
INSERT INTO ANOMALIAS_IRREPARABLES VALUES (2,NULL,1);
INSERT INTO ANOMALIAS_IRREPARABLES VALUES (3,NULL,2);
INSERT INTO ANOMALIAS_IRREPARABLES VALUES (4,NULL,1);
INSERT INTO ANOMALIAS_IRREPARABLES VALUES (5,NULL,1);

---------- TABLA ANOMALIAS_REPARABLES
INSERT INTO ANOMALIAS_REPARABLES VALUES (1,'HUMEDAD',NULL,2);
INSERT INTO ANOMALIAS_REPARABLES VALUES (2,'VENTANAS',NULL,2);
INSERT INTO ANOMALIAS_REPARABLES VALUES (3,'ENTRETECHO','CAMBIAR CIELO INTERNO',1);
INSERT INTO ANOMALIAS_REPARABLES VALUES (4,'CUBIERTA DE TECHUMBRE',NULL,1);
INSERT INTO ANOMALIAS_REPARABLES VALUES (5,'ENCHUFES',NULL,2);

-----------TABLA INFORME_TEC_VIVIENDA_US 
INSERT INTO INFORME_TEC_VIVIENDA_US VALUES (SQ_NRO_FOLIO_INF.NEXTVAL,15980765,1887,1,1,7,'26/07/2018','01/12/2018',18547001,1);
INSERT INTO INFORME_TEC_VIVIENDA_US VALUES (SQ_NRO_FOLIO_INF.NEXTVAL,17465390,2115,1,2,5,'14/05/2017','01/12/2017',13966470,1);
INSERT INTO INFORME_TEC_VIVIENDA_US VALUES (SQ_NRO_FOLIO_INF.NEXTVAL,18709562,2560,1,3,2,'28/09/2018','01/03/2019',14473560,1);
INSERT INTO INFORME_TEC_VIVIENDA_US VALUES (SQ_NRO_FOLIO_INF.NEXTVAL,13876234,3250,1,4,9,'15/04/2019','01/12/2019',8560980,1);
INSERT INTO INFORME_TEC_VIVIENDA_US VALUES (SQ_NRO_FOLIO_INF.NEXTVAL,21723900,3000,1,5,1,'28/06/2019','10/12/2019',16762403,1);

----------TABLA CONSULTOR 
INSERT INTO CONSULTOR VALUES (12600578,9,'ESTEBAN CASTRO GOMEZ',956807400,'CASTRO_ESTEBAN','MINVU','VIVIENDA','5822640','02/03/2020');
INSERT INTO CONSULTOR VALUES (10450879,3,'MAURICIO ANTONIO MENESES DIAZ',978600541,NULL,'MINVU','VIVIENDA','5889940','12/09/2019');
INSERT INTO CONSULTOR VALUES (11637012,'K','CRISTINA ARANCIBIA NORAMBUENA',940839801,'CARANCIBIA','MINVU','VIVIENDA','3572640','10/01/2020');
INSERT INTO CONSULTOR VALUES (16569008,0,'CATALINA LOPEZ MARTINEZ',930879145,'CATALOPEZ.M','MINVU','VIVIENDA','8643540','02/02/2020');
INSERT INTO CONSULTOR VALUES (14758923,6,'GONZALO BUSTAMANTE CACERES',968478950,'GONZALO_BUSTAMANTE','MINVU','VIVIENDA','9587633','11/08/2019');

--------- TABLA CONSULTOR_INFORME_VIVIENDA
INSERT INTO CONSULTOR_INFORME VALUES (100,15980765,1,12600578);
INSERT INTO CONSULTOR_INFORME VALUES (200,17465390,1,10450879);
INSERT INTO CONSULTOR_INFORME VALUES (300,18709562,1,11637012);
INSERT INTO CONSULTOR_INFORME VALUES (400,13876234,1,16569008);
INSERT INTO CONSULTOR_INFORME VALUES (500,21723900,1,14758923);

--------- RANGO_TRAMO 
INSERT INTO RANGO_TRAMO VALUES ('TITULO I TRAMO 1',2000,500,500,280);
INSERT INTO RANGO_TRAMO VALUES ('TITULO I TRAMO 2',2500,516,200,350);
INSERT INTO RANGO_TRAMO VALUES ('TITULO II',3500,350,125,400);

--------- REGION_EXTREMA
INSERT INTO REGION_EXTREMA VALUES (1,'ARICA',50);
INSERT INTO REGION_EXTREMA VALUES (2,'TARAPACA',30);
INSERT INTO REGION_EXTREMA VALUES (3,'AYSÉN',100);
INSERT INTO REGION_EXTREMA VALUES (4,'MAGALLANES',130);

--------- PUNTAJE EDAD
INSERT INTO PUNTAJE_EDAD VALUES ('EDAD',18,29,200);
INSERT INTO PUNTAJE_EDAD VALUES ('EDAD',30,40,150);
INSERT INTO PUNTAJE_EDAD VALUES ('EDAD',40,99,100);

--------- PUNTAJE_CARGAS
INSERT INTO PUNTAJE_CARGAS VALUES ('CARGAS',5,10,200);
INSERT INTO PUNTAJE_CARGAS VALUES ('CARGAS',2,4,100);
INSERT INTO PUNTAJE_CARGAS VALUES ('CARGAS',0,1,50);

--------- PUNTAJE_TITULO
INSERT INTO PUNTAJE_TITULO VALUES ('TITULO','TECNICO',100);
INSERT INTO PUNTAJE_TITULO VALUES ('TITULO','PROFESIONAL',200);

--------- SITUACION
INSERT INTO SITUACION VALUES (1,'Beneficiado por el Subsidio','El postulante obtuvo un puntaje total mayor al puntaje promedio y ha sido beneficiado con el subsidio');
INSERT INTO SITUACION VALUES (2,'En espera por el Subsidio','El postulante obtuvo hasta 400 menos del puntaje promedio y queda en lista de espera. En el caso de que alguno de los beneficiados por el subsidio renuncie a él, entonces será asignado a alguno de los postulantes en espera por el subsidio.');
INSERT INTO SITUACION VALUES (3,'No beneficiado por el Subsidio','El postulante obtuvo más de 400 por debajo del puntaje promedio.');

--------- PUNTAJE_AHORRO
INSERT INTO PUNTAJE_AHORRO VALUES ('MONTO AHORRO',10000001,99999999,500);
INSERT INTO PUNTAJE_AHORRO VALUES ('MONTO AHORRO',9000000,10000000,400);
INSERT INTO PUNTAJE_AHORRO VALUES ('MONTO AHORRO',8000000,8999999,200);

--------- PUNTAJE_ESTADO_CIVIL
INSERT INTO PUNTAJE_ESTADO_CIVIL VALUES ('ESTADO CIVIL','CASADO',100);
INSERT INTO PUNTAJE_ESTADO_CIVIL VALUES ('ESTADO CIVIL','CONVIVIENTE CIVIL',80);
INSERT INTO PUNTAJE_ESTADO_CIVIL VALUES ('ESTADO CIVIL','SOLTERO',60);
INSERT INTO PUNTAJE_ESTADO_CIVIL VALUES ('ESTADO CIVIL','DIVORCIADO',40);
INSERT INTO PUNTAJE_ESTADO_CIVIL VALUES ('ESTADO CIVIL','VIUDO',20);

--------- PUNTAJE_PUEBLO
INSERT INTO PUNTAJE_PUEBLO VALUES ('PUEBLO INDIGENA U ORIGINARIO','RAPA NUI',500);
INSERT INTO PUNTAJE_PUEBLO VALUES ('NO POSEE','NO',0);
